{
  "text": [
    {
      "title": "Äktenskap",
      "content": "Här hittar du information om vad som gäller när ni ska gifta er i Sverige eller utomlands, eller omvandla ett tidigare partnerskap till ett äktenskap."
    },
    {
      "title": "Ansök om hindersprövning",
      "content": "Innan ni kan gifta er i Sverige måste ni ansöka om hindersprövning. Ansök genom att fylla i en blankett som ni skickar till Skatteverket. Det är viktigt att ni lämnar in er ansökan i god tid före vigseln."
    },
    {
      "title": "Före vigseln – hindersprövning",
      "content": ""
    },
    {
      "title": "Vigsel i Sverige eller i utlandet",
      "content": "Läs om vilka regler som gäller då ni gifter er i Sverige eller i utlandet, och hur det går till."
    },
    {
      "title": "Att gifta sig i Sverige eller i utlandet",
      "content": ""
    },
    {
      "title": "Skilsmässa",
      "content": "Läs om vilka regler som gäller då ni vill skilja er eller upplösa ett partnerskap och hur det går till. Läs även vad ni behöver göra om ni skilt er utomlands."
    },
    {
      "title": "Skilsmässa",
      "content": ""
    },
    {
      "title": "Äktenskapsregistret",
      "content": "I äktenskapsregistret registreras bland annat äktenskapsförord, gåvor mellan makar och bodelningshandlingar."
    },
    {
      "title": "Äktenskapsregistret",
      "content": ""
    }
  ]
}
